competitor_name,location,service_type,pricing_model,strengths,weaknesses,differentiation_opportunity,notes
QuickPlow Services,GTA,Residential & Commercial,Per-storm only ($65-85),Lower pricing; Fast response,No seasonal contracts; Inconsistent quality; Guy-with-truck operation,Emphasize our professional equipment and seasonal contract peace of mind,Large social media following but many complaints about no-shows
Winter Warriors,Toronto/Mississauga,Residential,Seasonal ($450-650) & Per-storm,Established brand; Good reputation,Higher pricing on large driveways; Limited commercial services,Match on reputation but offer better commercial options,Strong in west GTA - opportunity in east
Driveway Kings,GTA,Residential only,Seasonal only ($399-549),Aggressive pricing; Easy online booking,Quality complaints; Subcontractors; Hidden fees for add-ons,Emphasize transparent pricing and direct operators,Cheap pricing attracts price-shoppers but retention is poor
Elite Property Care,Toronto,Commercial focused,Custom quotes,Professional operation; Year-round services,Premium pricing; Minimum contract sizes,Target small-medium commercial they ignore,Also does landscaping and property maintenance - winter is just one service
SnowBusters,Scarborough/Durham,Residential & Small Commercial,Per-storm ($70-95),Local presence; Family business,Limited equipment; Can't handle large storms well,Professional equipment and storm response capability,Good reputation in east GTA - consider partnership or acquisition
ClearPath Snow Removal,Oakville/Burlington,Residential,Seasonal ($550-750),Affluent client base; Premium positioning,Geographic limitations; Very high pricing,Expand our coverage to their area with better value proposition,Serves wealthy suburbs - opportunity to offer similar quality at better price
Maple Leaf Snow Services,Ottawa,Residential & Commercial,Both models available,Bilingual service; Government contracts,Slow to adopt technology; Older equipment,Modern communication and online booking when we expand to Ottawa,Market leader in Ottawa - study their approach
Chinook Snow Pros,Calgary,All property types,Seasonal & Per-storm,Understanding of Chinook weather; Large operation,Corporate feel; Less personal service,Personal service with professional capability when we launch Calgary,Different snow patterns require different approach - Chinooks create unique challenges
Neighbor's Kid with Shovel,Everywhere,Residential,Cash per visit ($20-40),Very cheap; Immediate availability sometimes,Unreliable; Manual labor only; No insurance; Can't handle real storms,Professional service reliability and equipment - not much overlap in target market,Actually helps us - people try this first then realize they need real service
Property Management Company In-House,Various,Commercial only,Cost of employment,Control and integration,High overhead; Limited to their properties; Equipment underutilized,Offer dedicated service at lower cost than maintaining in-house teams,Potential B2B opportunity - we manage snow they manage properties
