date,platform,content_type,topic,campaign,notes
2024-11-01,Facebook,Promotional Post,Early Bird Discount Launch,Pre-Season Campaign,Announce 15% off seasonal contracts booked in November
2024-11-04,Instagram,Educational Carousel,5 Signs You Need Professional Snow Removal,Educational Series,Target DIY-ers who might be reconsidering
2024-11-07,LinkedIn,Company Update,Expansion Announcement,Brand Awareness,Announce new service areas for 2024-25 season
2024-11-11,Facebook,Customer Testimonial,Success Story - Elderly Customer,Trust Building,Feature Patricia's testimonial about safety and peace of mind
2024-11-14,Instagram,Behind-the-Scenes,Equipment Prep for Winter,Transparency,Show team preparing equipment - build credibility
2024-11-18,Twitter,Industry News,Weather Forecast Commentary,Thought Leadership,Comment on Farmer's Almanac winter predictions
2024-11-21,Facebook,Promotional Post,Booking Deadline Reminder,Pre-Season Campaign,Only 10 days left for early bird pricing
2024-11-25,Instagram,User-Generated Content,Customer Photo Feature,Community Building,Repost customer's cleared driveway photo with permission
2024-11-28,LinkedIn,Educational Article,Property Manager's Guide to Winter Prep,Lead Generation,Link to blog post - target commercial clients
2024-12-01,Facebook,Announcement,Season Kickoff,Season Launch,Official start of service period - we're ready!
2024-12-02,Instagram,Educational Story,Storm Prep Checklist,Service Tips,What to do before a storm hits
2024-12-05,Twitter,Quick Tip,Driveway Marker Reminder,Helpful Advice,Remind people to mark driveway edges before first snow
2024-12-09,Facebook,Promotional Post,Gift Certificate Launch,Holiday Campaign,Snow removal contracts make great gifts for elderly parents
2024-12-12,Instagram,Before/After Photo,First Storm Results,Proof of Service,Show dramatic before/after from recent storm
2024-12-16,LinkedIn,Case Study,Commercial Property Success,B2B Marketing,Feature property management client testimonial
2024-12-19,Facebook,Holiday Post,Season's Greetings,Brand Building,Thank customers for their trust this year
2024-12-23,Instagram,Team Feature,Meet Your Operators,Humanize Brand,Introduce crew members with photos and bios
2024-12-26,Twitter,Service Reminder,Boxing Day Storm Watch,Customer Service,Alert about potential storm - we're monitoring
2024-12-30,Facebook,Year-End Post,By The Numbers 2024,Trust Building,Share stats: driveways cleared storms responded to etc
